{"cameraMode":{"drawMode":0,"name":"Shaded","section":"Shading Mode"},"sceneLighting":false,"audioPlay":false,"sceneViewState":{"showFog":true,"showMaterialUpdate":true,"showSkybox":true,"showFlares":true,"showImageEffects":true,"showParticleSystems":true},"in2DMode":false,"pivot":{"x":-0.7351822257041931,"y":4.244356155395508,"z":3.0372848510742189},"rotation":{"x":0.0030268626287579538,"y":0.9828972220420837,"z":-0.18343070149421693,"w":0.016219276934862138},"size":3.6305384635925295,"orthographic":false}